オーダー ID,返品
JP-2019-1048956,○
JP-2019-1049507,○
JP-2019-1064191,○
JP-2019-1070435,○
JP-2019-1078375,○
JP-2019-1170333,○
JP-2019-1199671,○
JP-2019-1213922,○
JP-2019-1237379,○
JP-2019-1333648,○
JP-2019-1391995,○
JP-2019-1428790,○
JP-2018-1432057,○
JP-2019-1432057,○
JP-2019-1439806,○
JP-2019-1442307,○
JP-2019-1444252,○
JP-2019-1449685,○
JP-2019-1478172,○
JP-2019-1488222,○
JP-2019-1495843,○
JP-2019-1569534,○
JP-2019-1578857,○
JP-2019-1582414,○
JP-2019-1680002,○
JP-2019-2049883,○
JP-2019-2146455,○
JP-2019-2304646,○
JP-2019-2368305,○
JP-2019-2445950,○
JP-2019-2452002,○
JP-2019-2454169,○
JP-2019-2485621,○
JP-2019-2489044,○
JP-2019-2501433,○
JP-2019-2571817,○
JP-2019-2851775,○
JP-2019-3136686,○
JP-2020-1009485,○
JP-2020-1012065,○
JP-2020-1036650,○
JP-2020-1039545,○
JP-2020-1064191,○
JP-2020-1074327,○
JP-2020-1090786,○
JP-2020-1095168,○
JP-2020-1106522,○
JP-2020-1118938,○
JP-2020-1155118,○
JP-2020-1174698,○
JP-2020-1178401,○
JP-2020-1181779,○
JP-2020-1207948,○
JP-2020-1213922,○
JP-2020-1218022,○
JP-2020-1231785,○
JP-2020-1243842,○
JP-2020-1244337,○
JP-2020-1304753,○
JP-2020-1309366,○
JP-2020-1319057,○
JP-2020-1326132,○
JP-2020-1348447,○
JP-2020-1385890,○
JP-2020-1430491,○
JP-2020-1432057,○
JP-2020-1477689,○
JP-2020-1506181,○
JP-2020-1564457,○
JP-2020-1656798,○
JP-2020-1752076,○
JP-2020-1755868,○
JP-2020-1791253,○
JP-2020-1920884,○
JP-2020-1934556,○
JP-2020-1959871,○
JP-2020-2017662,○
JP-2020-2158163,○
JP-2020-2306735,○
JP-2020-2454169,○
JP-2020-2501433,○
JP-2020-2580857,○
JP-2019-2600690,○
JP-2020-2600690,○
JP-2020-2629335,○
JP-2020-2705725,○
JP-2020-2811457,○
JP-2020-3399411,○
JP-2020-3896146,○
JP-2020-3973327,○
JP-2020-4273258,○
JP-2021-1001113,○
JP-2021-1002711,○
JP-2021-1044305,○
JP-2021-1066651,○
JP-2021-1069945,○
JP-2021-1080265,○
JP-2020-1080265,○
JP-2021-1091673,○
JP-2021-1104587,○
JP-2021-1111694,○
JP-2021-1119573,○
JP-2021-1133502,○
JP-2021-1210429,○
JP-2021-1222461,○
JP-2021-1224373,○
JP-2021-1231656,○
JP-2021-1237379,○
JP-2021-1267183,○
JP-2021-1276215,○
JP-2021-1316757,○
JP-2021-1324451,○
JP-2021-1335401,○
JP-2021-1385493,○
JP-2021-1391995,○
JP-2021-1398739,○
JP-2021-1407058,○
JP-2021-1460994,○
JP-2021-1466778,○
JP-2021-1475414,○
JP-2021-1478172,○
JP-2021-1587560,○
JP-2021-1592300,○
JP-2021-1592959,○
JP-2021-1614458,○
JP-2021-1615537,○
JP-2021-1634525,○
JP-2021-1657826,○
JP-2021-1665333,○
JP-2021-1673343,○
JP-2021-1721267,○
JP-2021-1752076,○
JP-2021-1799264,○
JP-2021-1822313,○
JP-2021-1951573,○
JP-2021-1959871,○
JP-2021-2057287,○
JP-2021-2233454,○
JP-2021-2269933,○
JP-2021-2312783,○
JP-2021-2453082,○
JP-2021-2522912,○
JP-2021-2549162,○
JP-2021-2580857,○
JP-2021-2626776,○
JP-2021-2633403,○
JP-2021-2762367,○
JP-2021-3210368,○
JP-2021-3347558,○
JP-2021-3464989,○
JP-2021-3521856,○
JP-2021-3676185,○
JP-2021-3892064,○
JP-2022-1001113,○
JP-2022-1012065,○
JP-2022-1016000,○
JP-2022-1036006,○
JP-2022-1044305,○
JP-2022-1046701,○
JP-2022-1047598,○
JP-2022-1056726,○
JP-2022-1057621,○
JP-2022-1061579,○
JP-2022-1075065,○
JP-2022-1081611,○
JP-2022-1091766,○
JP-2022-1095168,○
JP-2022-1123641,○
JP-2022-1126850,○
JP-2022-1142337,○
JP-2022-1169636,○
JP-2022-1173831,○
JP-2022-1191535,○
JP-2022-1192276,○
JP-2022-1223682,○
JP-2022-1226065,○
JP-2022-1231080,○
JP-2022-1244337,○
JP-2022-1267812,○
JP-2022-1286704,○
JP-2022-1300761,○
JP-2022-1319057,○
JP-2022-1322751,○
JP-2022-1327604,○
JP-2022-1328865,○
JP-2022-1333355,○
JP-2022-1375981,○
JP-2022-1426983,○
JP-2022-1439806,○
JP-2022-1460034,○
JP-2022-1466778,○
JP-2022-1473792,○
JP-2022-1506423,○
JP-2022-1525439,○
JP-2022-1618075,○
JP-2022-1642865,○
JP-2022-1674411,○
JP-2022-1732305,○
JP-2022-1741200,○
JP-2022-1744645,○
JP-2022-1747916,○
JP-2022-1763316,○
JP-2022-1775338,○
JP-2022-1782053,○
JP-2022-1867728,○
JP-2022-1904232,○
JP-2022-2016301,○
JP-2022-2025114,○
JP-2022-2075585,○
JP-2022-2093293,○
JP-2022-2105255,○
JP-2022-2157328,○
JP-2022-2342257,○
JP-2022-2447693,○
JP-2022-2571817,○
JP-2022-2580152,○
JP-2022-3399411,○
JP-2022-3521856,○
JP-2022-4273258,○
JP-2022-4319759,○
JP-2022-4600761,○
